query_id,query,task,difficulty,co-category,overall_score,category,intent,strengths,weaknesses,improvements,improved_version,human_remarks_on_judge_outputs,requotation_needed,final_requoted_query
Q00000,"In calls where agents mention a loyalty program and immediately follow up with a discount or reward, how frequently do customers use hesitation words ('um', 'uh') compared to other calls?",Task1,MEDIUM,Causal,86,Excellent,"The user is trying to compare the frequency of hesitation words ('um', 'uh') in calls where agents mention a loyalty program and immediately follow up with a discount or reward, to other calls.",The query is specific and well-defined; It seeks actionable insights; It compares two sets of data,"The query does not specify the timeframe or call volume for comparison; It assumes that all hesitation words indicate customer hesitation, which may not always be the case; It does not clarify how 'other calls' are defined",Specify a timeframe and call volume for comparison; Refine the definition of 'hesitation words'; Define 'other calls' more clearly,"In calls from a specific timeframe, where agents mention a loyalty program and immediately follow up with a discount or reward, how frequently do customers use hesitation words ('um', 'uh') compared to other calls during the same timeframe?",The judge’s suggestions to add a timeframe and define terms are reasonable but would reduce the query’s difficulty. The original query is already clear and intentionally broad to test the RAG agent’s ability to reason across all available transcripts without unnecessary constraints.,FALSE,"In calls where agents mention a loyalty program and immediately follow up with a discount or reward, how frequently do customers use hesitation words ('um', 'uh') compared to other calls?"
Q00000,The pattern you identified where customers use such words - why does this lead to increased engagement or customer confusion?,Task2,MEDIUM,Causal,80,Good,"User is seeking specific transcript examples of customers using hesitation words when agents mention a loyalty program and immediately follow up with a discount or reward, and wants to understand why this leads to increased engagement or customer confusion",The query is specific and provides context; It asks for a reason behind the observed pattern; The request for transcript examples allows for tangible results,The query could benefit from more clarity on what constitutes 'increased engagement' or 'customer confusion'; The timeframe for the requested transcripts is not specified; The query does not specify the source of the transcripts,Define 'increased engagement' and 'customer confusion' more clearly; Specify a timeframe for the requested transcripts; Indicate the source of the transcripts; Consider providing examples of both increased engagement and customer confusion,"Additionally, please explain why this pattern leads to increased engagement or customer confusion in these instances.","While defining engagement and confusion could add clarity, the original query’s intent is sufficiently clear. Specifying a timeframe or transcript source would artificially narrow the scope and lower the difficulty, which is not needed.",FALSE,"Can you show me specific transcript examples of customers using hesitation words ('um', 'uh') when agents mention a loyalty program and immediately follow up with a discount or reward? The pattern you identified where customers use such words - why does this lead to increased engagement or customer confusion?"
Q00001,"How does the use of empathy phrases like ""I can understand why you feel that way"" from agents correlate with customer acceptance of terms and conditions in loyalty program discussions?",Task1,HARD,Causal,81,Good,The user is trying to understand the correlation between empathy phrases used by agents and customer acceptance of terms and conditions in loyalty program discussions.,"The query is specific and focused on a particular aspect of customer interactions.; It asks for a correlation, which can be quantified and analyzed.",The query lacks context about the specific loyalty program or agent interactions being considered.; It does not specify the timeframe or sample size of the data to be analyzed.,"Provide more details about the loyalty program and the agent interactions under consideration.; Specify the timeframe and sample size for the data analysis.; Consider including variables that might influence the correlation, such as the type of empathy phrase used or the customer demographic.","How does the use of empathy phrases like 'I can understand why you feel that way' from agents in [Loyalty Program Name] discussions correlate with customer acceptance of terms and conditions, considering a sample size of [Sample Size] over a time period of [Timeframe], while controlling for variables such as the type of empathy phrase used and customer demographic?","Adding details like sample size and timeframe overcomplicates the query. The original is adequately focused on the causal relationship, and the RAG agent should handle it with the provided context.",FALSE,"How does the use of empathy phrases like ""I can understand why you feel that way"" from agents correlate with customer acceptance of terms and conditions in loyalty program discussions?"
Q00001,How it correlates with the customer's acceptance or rejection of terms and conditions in loyalty program discussions?,Task2,HARD,Causal,81,Good,The user is seeking examples of transcripts where customer service agents use empathy phrases and their impact on customer's acceptance or rejection of terms and conditions in loyalty program discussions,"The query is specific and clear; It provides a context for analysis; It asks for examples, which can be easily provided","The query lacks specificity about the number of transcripts or the loyalty program in question; It does not specify the format of the examples (e.g., direct quotes, summaries); It does not provide a clear definition of 'acceptance' and 'rejection'","Specify the number of transcripts required; Define 'acceptance' and 'rejection' for clarity; Request examples in a specific format (e.g., direct quotes, summaries); Narrow down the loyalty program if possible","Could you provide me with 3-5 transcript examples from the XYZ loyalty program, where agents use empathy phrases like 'I can understand why you feel that way' and the customer's explicit acceptance or rejection of the terms and conditions is clearly stated?","The judge’s request for specific program names and clear definitions of acceptance/rejection is logical, but the original query is clear enough. The improvements would reduce the difficulty without adding significant value.",FALSE,How it correlates with the customer's acceptance or rejection of terms and conditions in loyalty program discussions?
Q00002,"In calls where agents discuss delay issues, how frequently do successful agents use proactive language (""Let's explore options together"") versus reactive language (""I understand you're frustrated""), and what is the effect on customer satisfaction?",Task1,MEDIUM,Causal,90,Excellent,"The user is trying to analyze call data to understand the frequency of proactive and reactive language used by successful agents during delay discussions, and its impact on customer satisfaction.",The query is clear and specific about the data to be analyzed; It provides a clear objective: understanding the frequency of certain language usage; It considers the impact on customer satisfaction,The query does not define what constitutes a 'successful' agent or call; It does not specify the timeframe for the analysis; It does not provide details about how customer satisfaction is measured,Define criteria for a successful agent or call; Specify the timeframe for the analysis; Provide details about how customer satisfaction is measured; Consider analyzing unsuccessful calls for comparison,"In calls where agents discuss delay issues, analyze the frequency of successful agents using proactive language ('Let's explore options together') versus reactive language ('I understand you're frustrated'), and compare this with customer satisfaction ratings over a specified timeframe.","Defining success criteria and adding a timeframe would make the query more precise, but the original is intentionally open to allow the agent to infer from context. This maintains the intended difficulty.",FALSE,"In calls where agents discuss delay issues, how frequently do successful agents use proactive language (""Let's explore options together"") versus reactive language (""I understand you're frustrated""), and what is the effect on customer satisfaction?"
Q00002,"Also, could you explain the effect on customer satisfaction for both dialogue patterns?",Task2,MEDIUM,Causal,80,Good,"The user is seeking examples and analysis of dialogue patterns used by successful agents in customer service calls, specifically comparing proactive and reactive language when discussing delay issues, along with an explanation of their impact on customer satisfaction.",Provides specific dialogue patterns to analyze; Asks for comparison between proactive and reactive language; Requests an explanation of the effect on customer satisfaction,Could benefit from more context about the nature of the delay issues; Does not specify a particular industry or service; No quantitative data is provided for comparison,Include specific examples of delay issues in the query; Narrow down the focus to a particular industry or service; Provide quantitative data for comparison if available; Request specific metrics related to customer satisfaction,"Can you show me specific transcript examples of successful agents using proactive language ('Let's explore options together') in calls discussing delay issues within the telecommunications industry, and compare it with instances where they use reactive language ('I understand you're frustrated'). Also, could you provide quantitative data on customer satisfaction for both dialogue patterns?","Narrowing to a specific industry and requesting quantitative data would overspecify the query. The original version allows the agent to work with general transcripts, preserving the task’s complexity.",FALSE,"Can you show me specific transcript examples of successful agents using proactive language (""Let's explore options together"") in calls discussing delay issues, and compare it with instances where they use reactive language (""I understand you're frustrated"")? Also, could you explain the effect on customer satisfaction for both dialogue patterns?"
Q00003,"When agents acknowledge customer concerns about delays, such as 'sure mia i'm sorry uh i hear about the delays' (Skybridge Airlines transcript), and then offer potential solutions like suggesting future plans or immediate alternatives, as shown in the Shopsquare transcript where an agent asks 'could you um tell me more about what youâ€™d like to uh discuss regarding the insurance offerings'",Task1,HARD,Causal,81,Good,Customer is expressing concern about delays and seeking potential solutions or further discussion on alternative options,The query provides a specific example of customer concern; It shows an agent offering potential solutions; The query is relevant to customer service scenarios,The query lacks clarity in the context of the conversation; It does not provide complete information about the delays or specific insurance offerings; There is no clear request for action from the customer,"Provide more context about the delays and their impact on the customer; Specify the type of delays (flight, service, etc.); Include a specific question or request from the customer; Offer more detailed solutions or alternatives",Could you tell me more about the delays I'm experiencing with Skybridge Airlines and provide potential solutions or alternative options for my travel plans?,"The original query is fragmented and unclear. The improved version correctly rephrases it into a coherent, actionable question, making it much better for the agent to process.",TRUE,Can the agent summarize the customer's concerns about flight delays and propose at least two alternative travel options?
Q0004,"In calls where an agent suggests a replacement product or service instead of a refund, what are the specific phrases or words that agents use to justify their suggestion for a replacement over a refund? Specifically, identify patterns in the types of justifications used by agents during these conversations.",Task1,MEDIUM,Causal,86,Excellent,Identify patterns in justifications used by agents for suggesting a replacement product or service over a refund,Specific focus on agent conversations; Asks for identification of patterns; Provides context for analyzing call transcripts,"Query lacks specific examples or data sources; Limited to call transcript analysis; Does not specify the scope of the analysis (e.g., all calls, specific types of calls)","Include specific examples or data sources; Expand the scope of analysis beyond call transcripts; Specify the scope of the analysis (e.g., all calls, specific types of calls); Consider analyzing other customer service channels","Analyze patterns in phrases or words used by agents when suggesting a replacement product or service over a refund, using specific examples and data sources from various customer service channels.","Expanding beyond call transcripts changes the scope of the task. The original correctly focuses on call data, which aligns with the provided context.",FALSE,"In calls where an agent suggests a replacement product or service instead of a refund, what are the specific phrases or words that agents use to justify their suggestion for a replacement over a refund? Specifically, identify patterns in the types of justifications used by agents during these conversations."
Q0004,"Specifically, what other conversational markers indicate a similar justification for offering a replacement instead of a refund?",Task2,MEDIUM,Causal,90,Excellent,"The user is seeking examples and patterns of customer service agents justifying a replacement product over a refund, and wants to understand conversational markers that indicate a similar justification for offering a replacement.",The query is clear and specific about the information needed; It provides context for the type of conversation being sought; The request is feasible for an LLM to process given its capabilities,"The query could benefit from more specific examples or scenarios to guide the search; Some relevant information might be missing, such as the context of the product or service being discussed; The request does not specify a particular domain or industry, which may limit the scope of the results",Provide specific examples or scenarios to guide the search; Include details about the product or service being discussed; Narrow down the search to a specific domain or industry if possible; Consider using more specific phrases or keywords related to customer service and product replacement,"Can you provide specific transcript examples where agents in the electronics industry use phrases or words to justify a replacement product over a refund for a faulty TV, and explain the pattern that leads to suggesting a replacement? Specifically, what other conversational markers indicate a similar justification for offering a replacement instead of a refund in the context of a faulty TV?",Narrowing to a specific industry and product makes the query too limited. The original allows the agent to explore patterns across various contexts.,FALSE,"Specifically, what other conversational markers indicate a similar justification for offering a replacement instead of a refund?"
Q0005,"How do customersâ€™ hesitation fillers (""um"", ""uh"") correlate with the success rate of agents convincing them towards accepting a replacement over a refund? Analyze instances where multiple hesitations are used and observe any changes in agent communication style to determine if these affect the negotiation outcome.",Task1,HARD,Causal,86,Excellent,"The user is trying to analyze the correlation between customer hesitation fillers and success rate of agents convincing them towards accepting a replacement over a refund, observing changes in agent communication style and their impact on negotiation outcome.",The query is specific and well-defined; It seeks to analyze both customer behavior and agent communication styles; It aims to identify patterns that could potentially improve negotiation outcomes,The query lacks context about the dataset or the nature of the interactions; It does not specify a timeframe for the analysis; It does not provide details about the criteria used to define success in negotiations,"Provide more context about the dataset and the nature of the interactions; Specify a timeframe for the analysis; Define success criteria for negotiations; Consider analyzing other factors that may influence negotiation outcomes, such as customer preferences or agent training","Analyze the correlation between customer hesitation fillers ('um', 'uh') and the success rate of agents convincing customers towards accepting a replacement over a refund in customer-agent interactions from our dataset, focusing on instances where multiple hesitations are used. Observe changes in agent communication style during these interactions and determine if they affect negotiation outcomes. Provide analysis for a specific timeframe (e.g., Q1 2023) and define success criteria for negotiations.",Adding timeframes and success criteria would constrain the analysis. The original query appropriately leaves these open for the agent to reason about.,FALSE,"How do customersâ€™ hesitation fillers (""um"", ""uh"") correlate with the success rate of agents convincing them towards accepting a replacement over a refund? Analyze instances where multiple hesitations are used and observe any changes in agent communication style to determine if these affect the negotiation outcome."
Q0005,"Specifically, look for instances where the customer's hesitation leads to a longer conversation or a change in the agent's persuasive strategies.",Task2,HARD,Causal,86,Excellent,The user is requesting transcript examples showing customers using multiple hesitation fillers and analyzing their impact on agent's communication style and negotiation outcome,The query is specific about the pattern of multiple hesitation fillers; It asks for an analysis of the impact on communication style and negotiation outcome; The request for transcript examples provides concrete data for analysis,The query could benefit from specifying a specific number of transcripts or a time frame; It does not specify the type of negotiation or the nature of the product/service being negotiated; The request for 'change in persuasive strategies' is somewhat vague,Specify a specific number of transcripts or a time frame; Define the type of negotiation and the nature of the product/service being negotiated; Provide more detail about what constitutes a 'change in persuasive strategies'; Consider providing examples of both positive and negative impacts of customer hesitation,"Could you provide me with 3-5 transcript examples from the last quarter where customers used multiple hesitation fillers like 'um' and 'uh'. Analyze these instances, focusing on how their use affected the agent's communication style during B2B product negotiations. Specifically, look for cases where the customer's hesitation led to a longer conversation or a change in the agent's persuasive strategies, and provide examples of both positive and negative impacts.",Specifying negotiation types and timeframes reduces the query’s generality. The original version is clear and maintains the intended difficulty.,FALSE,"Specifically, look for instances where the customer's hesitation leads to a longer conversation or a change in the agent's persuasive strategies."
Q0006,"Query comparing customer satisfaction scores when agents start explaining return policies with phrases like 'sure, let me explain our return policy' versus 'I understand you want to return your item and here is the policy'",Task1,EASY,Causal,86,Excellent,User is comparing customer satisfaction scores based on different phrases used by agents when explaining return policies,The query is specific and clear about the comparison it wants to make; It provides context for the two different phrases being compared; The question is feasible as it can be answered using existing data sources,"The query could benefit from more specificity regarding the data sources and time period being considered; There is no mention of any control group or baseline for comparison; The query does not specify whether satisfaction scores are based on customer feedback, agent performance evaluations, or some other metric","Include specific data sources and time period being considered; Specify the methodology for measuring customer satisfaction (e.g., customer feedback, agent performance evaluations); Consider including a control group or baseline for comparison; Consider refining the question to focus on a more specific aspect of the interaction between agents and customers","Compare customer satisfaction scores when agents use phrases like 'sure, let me explain our return policy' versus 'I understand you want to return your item and here is the policy', based on customer feedback from the past 6 months, using a control group of interactions where no return policy was explained.",The judge’s improvements add unnecessary specifics like control groups and timeframes. The original query is straightforward and tests the agent’s ability to compare based on given phrases.,FALSE,"Query comparing customer satisfaction scores when agents start explaining return policies with phrases like 'sure, let me explain our return policy' versus 'I understand you want to return your item and here is the policy'"
Q0006,"Can you show me specific transcript examples where customers express higher satisfaction scores when agents start explaining return policies with phrases like 'I understand you want to return your item and here is the policy', compared to instances using 'sure, let me explain our return policy'?",Task2,EASY,Causal,81,Good,User is seeking specific transcript examples comparing customer satisfaction when agents use different phrases for explaining return policies,The query is specific about the desired comparison; It provides context for the type of information being sought; The request is feasible for an LLM to process,The query could benefit from more clarity on what constitutes a 'higher satisfaction score'; It does not specify the data source or timeframe for the transcript examples; The request lacks details about how to quantify customer satisfaction levels,Define what constitutes a 'higher satisfaction score' for clarity; Specify the data source and timeframe for the transcript examples; Provide more context on how to quantify customer satisfaction levels; Consider using specific examples or metrics to further clarify the request,"Can you show me specific transcript examples from our customer service database between January 2021 and December 2022, where customers express higher satisfaction scores when agents start explaining return policies with phrases like 'I understand you want to return your item and here is the policy', compared to instances using 'sure, let me explain our return policy'? Please quantify customer satisfaction levels using CSAT (Customer Satisfaction) scores.",Defining satisfaction scores and specifying a database/timeframe would lower the difficulty. The original query is clear enough for the agent to interpret from the transcripts.,FALSE,"Can you show me specific transcript examples where customers express higher satisfaction scores when agents start explaining return policies with phrases like 'I understand you want to return your item and here is the policy', compared to instances using 'sure, let me explain our return policy'?"
Q0007,Identify the turn where the first misunderstanding between customer and agent occurs.,Task1,,,,,,,,,,,,
Q0007,"How does the frequency of hesitation words vary based on the specific type of discount or reward offered (e.g., percentage off, free shipping) in these loyalty program calls?",Task2,,,,,,,,,,,,
Q0007,"How does the frequency of hesitation words vary based on the specific type of discount or reward offered (e.g., percentage off, free shipping) in these loyalty program calls?",Task2,,,,,,,,,,,,
Q0007,"How does the frequency of hesitation words in loyalty program calls compare to other types of calls, such as those discussing product features or customer service issues?",Task2,,,,,,,,,,,,
Q0007,What trend can we expect in the use of hesitation words if the discount or reward offered in loyalty program calls increases in value over time?,Task2,,,,,,,,,,,,
Q0007,"In a scenario where agents in loyalty program calls do not mention any discounts or rewards, how would the frequency of hesitation words compare to the cases where discounts are mentioned and immediately followed up with an offer?",Task2,,,,,,,,,,,,
Q0008,"What specific phrases indicate the customer is becoming frustrated, and at which parts of the conversation do they appear?",Task1,,,,,,,,,,,,
Q0008,"How does the use of specific types of empathy phrases, such as 'I can see where you're coming from' or 'That must be frustrating', correlate with customer acceptance compared to more general statements like 'I understand your concern'?",Task2,,,,,,,,,,,,
Q0008,In what other contexts besides loyalty program discussions are empathy phrases used by agents found to influence customer acceptance of terms and conditions?,Task2,,,,,,,,,,,,
Q0008,"How does the timing of when an agent uses an empathy phrase affect its impact on customer acceptance, in comparison to using it right before or after mentioning the terms and conditions?",Task2,,,,,,,,,,,,
Q0008,"Based on historical data from loyalty program calls, how might changes in agent training regarding the use of empathy phrases influence future trends in customer acceptance of terms and conditions?",Task2,,,,,,,,,,,,
Q0008,"In a counterfactual scenario where agents are trained to avoid using any form of empathy during loyalty program discussions, would we see an increase or decrease in customer hesitation when presented with the terms and conditions?",Task2,,,,,,,,,,,,
Q0009,"At what point does the agent first take ownership of the issue, and how does the customer respond?",Task1,,,,,,,,,,,,
Q0009,"How does the frequency of proactive versus reactive language used by successful agents in delay issue calls correlate with specific delay reasons, such as shipping issues or internal process bottlenecks?",Task2,,,,,,,,,,,,
Q0009,"In what other types of customer service calls beyond delay issues do successful agents predominantly use proactive versus reactive language, and how does this affect overall customer satisfaction?",Task2,,,,,,,,,,,,
Q0009,"Comparing the use of proactive and reactive language in delay issue calls to the previous query on loyalty program discussions, are there any commonalities or differences in the impact these language styles have on customer behavior?",Task2,,,,,,,,,,,,
Q0009,"Based on historical trends from delay issue calls, how might changes in training for agents regarding language use affect future levels of customer satisfaction and retention rates?",Task2,,,,,,,,,,,,
Q0009,"In a hypothetical scenario where all agents are trained to avoid using any form of proactive or reactive language when discussing delays, what potential impact could this have on customer satisfaction and resolution times?",Task2,,,,,,,,,,,,
Q00010,Extract the agents earliest apology and describe what event immediately led to it.,Task1,,,,,,,,,,,,
Q00010,"How do the justification phrases vary based on the type of product or service being discussed (e.g., electronics, clothing, software) in calls where an agent suggests a replacement over a refund?",Task2,,,,,,,,,,,,
Q00010,"In what other contexts besides product or service issues are agents likely to suggest replacements instead of refunds, and what justification phrases do they use in these situations?",Task2,,,,,,,,,,,,
Q00010,"How does the frequency of hesitation words correlate with the type of justification phrases used by agents when suggesting a replacement over a refund, as identified in previous queries on loyalty program discussions?",Task2,,,,,,,,,,,,
Q00010,"Based on historical data from product or service calls, how might changes in training for agents regarding justification phrases affect future customer satisfaction and the likelihood of choosing replacements over refunds?",Task2,,,,,,,,,,,,
Q00010,"In a counterfactual scenario where agents are trained to only use positive language about their company's products and services without suggesting any alternatives, how might this impact customer acceptance of replacement suggestions when calling for a refund?",Task2,,,,,,,,,,,,
Q00011,Identify places where the customer repeats the same request and explain why they may have done so.,Task1,,,,,,,,,,,,
Q00011,Can we identify specific patterns or sequences of hesitation fillers that correlate more strongly with success rates in accepting a replacement over a refund compared to other types of hesitations?,Task2,,,,,,,,,,,,
Q00011,"How does the use of hesitation fillers, both 'um' and 'uh', compare with other forms of verbal filler words or pauses during these conversations regarding replacements versus refunds?",Task2,,,,,,,,,,,,
Q00011,"In what way do the findings from this query relate to previous queries on empathy phrases and their impact on customer acceptance in loyalty program discussions, especially when dealing with similar negotiation outcomes?",Task2,,,,,,,,,,,,
Q00011,"Based on historical data from past calls where agents successfully convinced customers to accept a replacement over a refund, what trends can we observe regarding the use of hesitation fillers and agent communication styles in the month leading up to these successful negotiations?",Task2,,,,,,,,,,,,
Q00011,"In a scenario where agents are trained to avoid using any hesitation fillers or verbal pauses during conversations about replacements versus refunds, how might this impact the success rate of convincing customers to accept a replacement over a refund?",Task2,,,,,,,,,,,,
Q00012,"Which turn most likely triggered the customer's escalation request, based solely on textual clues?",Task1,,,,,,,,,,,,
Q00012,"How does the customer satisfaction score differ when agents use more detailed vs. concise explanations of return policies, specifically comparing phrases like 'sure, let me explain our return policy' to 'I understand you want to return your item and here is the policy'?",Task2,,,,,,,,,,,,
Q00012,"In what other customer service scenarios besides explaining return policies do agents use similar framing techniques ('sure, let me explain' vs. 'I understand you want...'), and how do these different approaches affect customer satisfaction?",Task2,,,,,,,,,,,,
Q00012,"How does the frequency of hesitation words correlate with the customer satisfaction scores when agents start explaining return policies using either 'sure, let me explain our return policy' or 'I understand you want to return your item and here is the policy' approaches?",Task2,,,,,,,,,,,,
Q00012,"Based on historical data from calls where agents used 'sure, let me explain our return policy' versus 'I understand you want to return your item and here is the policy', what trends can we expect in future customer satisfaction scores as a result of changes in agent training?",Task2,,,,,,,,,,,,
Q00012,"In a counterfactual scenario where agents are trained to only use open-ended questions ('can I help you with something else?') instead of starting explanations with either 'sure, let me explain' or 'I understand you want...', how might this impact customer satisfaction scores?",Task2,,,,,,,,,,,,
Q00013,Find instances where the agent provides conflicting information and describe the impact on customer confusion.,Task1,,,,,,,,,,,,
Q00013,"How does the frequency and timing of agent interruptions correlate with customer persistence levels in different types of calls (e.g., product issues, billing disputes)?",Task2,,,,,,,,,,,,
Q00013,"In what other scenarios beyond customer service calls might interruptions by agents ('let me clarify', 'um') affect listener persistence or engagement, and how can we measure this impact?",Task2,,,,,,,,,,,,
Q00013,How does the use of empathy phrases by agents correlate with both agent interruptions and customer persistence levels in terms of call outcomes?,Task2,,,,,,,,,,,,
Q00013,"Based on historical data from calls where agents used frequent interruptions, what trends can we expect in future customer behavior if companies adopt policies to reduce such interruptions?",Task2,,,,,,,,,,,,
Q00013,"In a counterfactual scenario where agents are trained to avoid using any interruptions ('let me clarify', 'um') and instead maintain continuous flow of communication, how might this impact customer persistence levels in various types of calls?",Task2,,,,,,,,,,,,
Q00014,Locate all moments where the customer expresses hesitation and explain what might have caused them.,Task1,,,,,,,,,,,,
Q00014,"How does the frequency of hesitation words ('um', 'uh') used by agents in their initial responses to customer dissatisfaction with refund policies compare between calls where they request specific details like policy or order numbers versus those where they do not?",Task2,,,,,,,,,,,,
Q00014,"What other conversational behaviors, besides the use of hesitation words and requests for specific details, are observed in agents' initial responses to customer dissatisfaction with refund policies across different types of calls (e.g., product issues vs. billing disputes)?",Task2,,,,,,,,,,,,
Q00014,"How does the type of agent response initially to customer dissatisfaction with refund policies compare between loyalty program discussions and non-loyalty program calls, in terms of the use of hesitation words, requests for specific details, and overall conversational behaviors?",Task2,,,,,,,,,,,,
Q00014,"Based on historical data from calls where agents responded initially to customer dissatisfaction with refund policies, how might changes in agent training regarding communication styles impact future trends in customer satisfaction and policy adherence rates?",Task2,,,,,,,,,,,,
Q00014,"In a counterfactual scenario where agents are trained to avoid using hesitation words ('um', 'uh') and do not request specific details like policy or order numbers, how would this affect the initial responses to customer dissatisfaction with refund policies, and what impact might it have on customer satisfaction and persistence levels?",Task2,,,,,,,,,,,,
Q00015,Identify where the agent attempts reassurance and evaluate how effective it seems.,Task1,,,,,,,,,,,,
Q00015,"How does the phrasing of 'alternatives' influence customer perception compared to simply mentioning 'options' or 'choices', in calls where agents use the phrase 'but here are some alternatives'?",Task2,,,,,,,,,,,,
Q00015,"In what other contexts besides cancellation discussions do agents effectively use the phrase 'but here are some alternatives', and how do customer responses differ from when such phrases are not used?",Task2,,,,,,,,,,,,
Q00015,"Comparing the current query on cancellations to a previous query about product or service issues where agents suggest replacements, what commonalities can we identify in the types of alternative options proposed by agents and their impact on customer responses?",Task2,,,,,,,,,,,,
Q00015,"Based on historical data from calls where 'but here are some alternatives' was used during cancellations, how might future trends in agent training regarding offering alternatives affect customer satisfaction and retention rates?",Task2,,,,,,,,,,,,
Q00015,"In a counterfactual scenario where agents always deny any alternative options when discussing cancellations instead of using 'but here are some alternatives', what potential impact could this have on customer satisfaction, persistence levels, and overall retention rates?",Task2,,,,,,,,,,,,
Q00016,Determine the turn after which the conversation becomes more adversarial.,Task1,,,,,,,,,,,,
Q00016,"How do different departments (e.g., technical support, sales) handle customer objections differently during upgrade requests, and what impact does this have on achieving positive resolutions versus escalations to supervisors?",Task2,,,,,,,,,,,,
Q00016,"Comparing the use of empathy phrases like 'I understand your concern' with other types of phrases used by agents (e.g., 'Let me address that for you'), how do these impact customer satisfaction and retention rates in upgrade discussions, as compared to previous queries on loyalty program calls?",Task2,,,,,,,,,,,,
Q00016,"Based on historical data from upgrade requests, what trends can we expect in the use of phrases like 'I understand your concern' or 'Let me address that for you' if companies adopt more aggressive upselling strategies?",Task2,,,,,,,,,,,,
,,,,,,,,,,,,,,
,,,,,,,,,,,,,,
,,,,,,,,,,,,,,
,,,,,,,,,,,,,,
,,,,,,,,,,,,,,
,"In calls where an agent suggests a replacement product or service instead of a refund, what are the specific phrases or words that agents use to justify their suggestion for a replacement over a refund? ",,,,,,,,,,,,,
,,,,,,,,,,,,,,
,"Specifically, what other conversational markers indicate a similar justification for offering a replacement instead of a refund?",,,,,,,,,,,,,
,,,,,,,,,,,,,,
,,,,,,,,,,,,,,
,,,,,,,,,,,,,,
,How does the use of empathy phrases by agents correlate with both agent interruptions and customer persistence levels in terms of call outcomes?,,,,,,,,,,,,,
,,,,,,,,,,,,,,
,,,,,,,,,,,,,,
,,,,,,,,,,,,,,
,,,,,,,,,,,,,,
,,,,,,,,,,,,,,
,,,,,,,,,,,,,,
,What are the cases where customers are comparing the different companies policies with ours?,,,,,,,,,,,,,
